customer_id,customer_name,type,territory_id,bed_count,has_pharmacy_on_site
C001,NHS Site 001,GP Practice,T10,887,0
C002,NHS Site 002,GP Practice,T07,347,1
C003,NHS Site 003,GP Practice,T09,831,1
C004,NHS Site 004,GP Practice,T07,1196,0
C005,NHS Site 005,Hospital,T01,966,1
C006,NHS Site 006,Hospital,T01,170,1
C007,NHS Site 007,Hospital,T09,810,0
C008,NHS Site 008,GP Practice,T09,407,1
C009,NHS Site 009,GP Practice,T04,1310,0
C010,NHS Site 010,GP Practice,T09,825,0
C011,NHS Site 011,Hospital,T03,1425,1
C012,NHS Site 012,GP Practice,T07,1168,1
C013,NHS Site 013,GP Practice,T06,1228,1
C014,NHS Site 014,Hospital,T08,410,1
C015,NHS Site 015,Hospital,T09,649,1
C016,NHS Site 016,Hospital,T05,1066,1
C017,NHS Site 017,Hospital,T01,697,1
C018,NHS Site 018,GP Practice,T03,469,1
C019,NHS Site 019,GP Practice,T10,964,0
C020,NHS Site 020,Hospital,T08,479,1
C021,NHS Site 021,GP Practice,T06,1408,0
C022,NHS Site 022,Hospital,T08,1055,0
C023,NHS Site 023,Hospital,T09,759,1
C024,NHS Site 024,GP Practice,T04,47,1
C025,NHS Site 025,GP Practice,T01,239,1
C026,NHS Site 026,GP Practice,T01,1398,1
C027,NHS Site 027,Hospital,T10,572,0
C028,NHS Site 028,GP Practice,T04,447,0
C029,NHS Site 029,GP Practice,T07,1316,0
C030,NHS Site 030,Hospital,T02,36,1
C031,NHS Site 031,GP Practice,T03,235,1
C032,NHS Site 032,Hospital,T01,1310,1
C033,NHS Site 033,Hospital,T05,807,0
C034,NHS Site 034,GP Practice,T01,293,1
C035,NHS Site 035,GP Practice,T08,888,1
C036,NHS Site 036,GP Practice,T01,969,1
C037,NHS Site 037,Hospital,T01,462,1
C038,NHS Site 038,Hospital,T02,1029,1
C039,NHS Site 039,GP Practice,T02,825,0
C040,NHS Site 040,GP Practice,T06,668,1
C041,NHS Site 041,Hospital,T07,556,1
C042,NHS Site 042,GP Practice,T05,1225,0
C043,NHS Site 043,Hospital,T01,1082,0
C044,NHS Site 044,GP Practice,T01,26,0
C045,NHS Site 045,Hospital,T03,1205,0
C046,NHS Site 046,GP Practice,T02,1253,1
C047,NHS Site 047,Hospital,T05,167,1
C048,NHS Site 048,GP Practice,T10,486,1
C049,NHS Site 049,GP Practice,T06,1079,0
C050,NHS Site 050,Hospital,T07,1406,1
C051,NHS Site 051,GP Practice,T04,527,1
C052,NHS Site 052,GP Practice,T07,108,0
C053,NHS Site 053,GP Practice,T08,1070,1
C054,NHS Site 054,GP Practice,T01,289,1
C055,NHS Site 055,GP Practice,T06,1382,1
C056,NHS Site 056,GP Practice,T08,506,1
C057,NHS Site 057,Hospital,T05,311,0
C058,NHS Site 058,Hospital,T04,190,1
C059,NHS Site 059,Hospital,T02,616,1
C060,NHS Site 060,Hospital,T06,1132,1
C061,NHS Site 061,GP Practice,T06,709,1
C062,NHS Site 062,Hospital,T01,1002,1
C063,NHS Site 063,GP Practice,T09,1149,0
C064,NHS Site 064,GP Practice,T06,200,0
C065,NHS Site 065,Hospital,T03,262,1
C066,NHS Site 066,GP Practice,T04,990,0
C067,NHS Site 067,Hospital,T04,937,1
C068,NHS Site 068,GP Practice,T03,1194,1
C069,NHS Site 069,Hospital,T10,1289,1
C070,NHS Site 070,GP Practice,T03,1356,1
C071,NHS Site 071,GP Practice,T03,137,1
C072,NHS Site 072,Hospital,T04,27,1
C073,NHS Site 073,Hospital,T07,575,1
C074,NHS Site 074,GP Practice,T04,579,1
C075,NHS Site 075,GP Practice,T09,1356,1
C076,NHS Site 076,GP Practice,T01,695,1
C077,NHS Site 077,GP Practice,T08,635,1
C078,NHS Site 078,Hospital,T07,1321,0
C079,NHS Site 079,GP Practice,T02,863,0
C080,NHS Site 080,Hospital,T08,971,0
C081,NHS Site 081,GP Practice,T01,164,0
C082,NHS Site 082,GP Practice,T09,499,0
C083,NHS Site 083,Hospital,T09,1419,1
C084,NHS Site 084,Hospital,T02,794,0
C085,NHS Site 085,Hospital,T07,1137,1
C086,NHS Site 086,Hospital,T10,1426,1
C087,NHS Site 087,GP Practice,T03,255,0
C088,NHS Site 088,GP Practice,T07,1209,1
C089,NHS Site 089,GP Practice,T10,1072,0
C090,NHS Site 090,GP Practice,T09,768,0
C091,NHS Site 091,Hospital,T04,547,1
C092,NHS Site 092,GP Practice,T01,930,1
C093,NHS Site 093,GP Practice,T02,417,1
C094,NHS Site 094,GP Practice,T01,534,1
C095,NHS Site 095,GP Practice,T05,837,1
C096,NHS Site 096,GP Practice,T05,912,0
C097,NHS Site 097,GP Practice,T07,45,0
C098,NHS Site 098,GP Practice,T09,694,1
C099,NHS Site 099,Hospital,T09,29,1
C100,NHS Site 100,Hospital,T03,330,1
C101,NHS Site 101,Hospital,T03,521,1
C102,NHS Site 102,GP Practice,T03,409,1
C103,NHS Site 103,Hospital,T04,663,1
C104,NHS Site 104,GP Practice,T08,981,1
C105,NHS Site 105,GP Practice,T06,480,1
C106,NHS Site 106,Hospital,T08,1176,1
C107,NHS Site 107,GP Practice,T01,1125,1
C108,NHS Site 108,GP Practice,T08,1387,1
C109,NHS Site 109,Hospital,T04,843,1
C110,NHS Site 110,Hospital,T01,736,0
C111,NHS Site 111,Hospital,T08,863,1
C112,NHS Site 112,Hospital,T04,60,1
C113,NHS Site 113,GP Practice,T06,584,1
C114,NHS Site 114,GP Practice,T08,1223,1
C115,NHS Site 115,GP Practice,T04,1158,1
C116,NHS Site 116,GP Practice,T03,159,1
C117,NHS Site 117,GP Practice,T09,323,0
C118,NHS Site 118,Hospital,T03,579,1
C119,NHS Site 119,GP Practice,T09,1375,0
C120,NHS Site 120,GP Practice,T02,314,1
